use sprint1;

INSERT INTO `sprint1`.`role` (`role_name`)
VALUES ('ROLE_ADMIN');
INSERT INTO `sprint1`.`role` (`role_name`)
VALUES ('ROLE_STUDENT');
INSERT INTO `sprint1`.`role` (`role_name`)
VALUES ('ROLE_TEACHER');

-- account teacher
INSERT INTO `sprint1`.`account` (`username`, `password`)
VALUES ('tien@gmail.com', '$2a$12$cvoSra.MCHtbaK6QlJ5ubuJMegE3loveBsOy/UfdM2jyO95h8EJxC');
INSERT INTO `sprint1`.`account` (`username`, `password`)
VALUES ('cong@gmail.com', '$2a$12$cvoSra.MCHtbaK6QlJ5ubuJMegE3loveBsOy/UfdM2jyO95h8EJxC');
INSERT INTO `sprint1`.`account` (`username`, `password`)
VALUES ('trungmini@gmail.com', '$2a$12$cvoSra.MCHtbaK6QlJ5ubuJMegE3loveBsOy/UfdM2jyO95h8EJxC');
INSERT INTO `sprint1`.`account` (`username`, `password`)
VALUES ('quangnn@gmail.com', '$2a$12$cvoSra.MCHtbaK6QlJ5ubuJMegE3loveBsOy/UfdM2jyO95h8EJxC');
INSERT INTO `sprint1`.`account` (`username`, `password`)
VALUES ('chanhtv@gmail.com', '$2a$12$cvoSra.MCHtbaK6QlJ5ubuJMegE3loveBsOy/UfdM2jyO95h8EJxC');
INSERT INTO `sprint1`.`account` (`username`, `password`)
VALUES ('tamtran@gmail.com', '$2a$12$cvoSra.MCHtbaK6QlJ5ubuJMegE3loveBsOy/UfdM2jyO95h8EJxC');
INSERT INTO `sprint1`.`account` (`username`, `password`)
VALUES ('trungdc@gmail.com', '$2a$12$cvoSra.MCHtbaK6QlJ5ubuJMegE3loveBsOy/UfdM2jyO95h8EJxC');
INSERT INTO `sprint1`.`account` (`username`, `password`)
VALUES ('trungdp@gmail.com', '$2a$12$cvoSra.MCHtbaK6QlJ5ubuJMegE3loveBsOy/UfdM2jyO95h8EJxC');

-- account student
INSERT INTO `sprint1`.`account` (`username`, `password`)
VALUES ('hoangnnh@gmail.com', '$2a$12$cvoSra.MCHtbaK6QlJ5ubuJMegE3loveBsOy/UfdM2jyO95h8EJxC');
INSERT INTO `sprint1`.`account` (`username`, `password`)
VALUES ('haunn@gmail.com', '$2a$12$cvoSra.MCHtbaK6QlJ5ubuJMegE3loveBsOy/UfdM2jyO95h8EJxC');
INSERT INTO `sprint1`.`account` (`username`, `password`)
VALUES ('hungpv@gmail.com', '$2a$12$cvoSra.MCHtbaK6QlJ5ubuJMegE3loveBsOy/UfdM2jyO95h8EJxC');
INSERT INTO `sprint1`.`account` (`username`, `password`)
VALUES ('vuxl@gmail.com', '$2a$12$cvoSra.MCHtbaK6QlJ5ubuJMegE3loveBsOy/UfdM2jyO95h8EJxC');

INSERT INTO `sprint1`.`account` (`username`, `password`)
VALUES ('syvt@gmail.com', '$2a$12$cvoSra.MCHtbaK6QlJ5ubuJMegE3loveBsOy/UfdM2jyO95h8EJxC');
INSERT INTO `sprint1`.`account` (`username`, `password`)
VALUES ('tienp@gmail.com', '$2a$12$cvoSra.MCHtbaK6QlJ5ubuJMegE3loveBsOy/UfdM2jyO95h8EJxC');
INSERT INTO `sprint1`.`account` (`username`, `password`)
VALUES ('lanp@gmail.com', '$2a$12$cvoSra.MCHtbaK6QlJ5ubuJMegE3loveBsOy/UfdM2jyO95h8EJxC');
INSERT INTO `sprint1`.`account` (`username`, `password`)
VALUES ('ducpd@gmail.com', '$2a$12$cvoSra.MCHtbaK6QlJ5ubuJMegE3loveBsOy/UfdM2jyO95h8EJxC');
INSERT INTO `sprint1`.`account` (`username`, `password`)
VALUES ('tuanndn@gmail.com', '$2a$12$cvoSra.MCHtbaK6QlJ5ubuJMegE3loveBsOy/UfdM2jyO95h8EJxC');
INSERT INTO `sprint1`.`account` (`username`, `password`)
VALUES ('vinh@gmail.com', '$2a$12$cvoSra.MCHtbaK6QlJ5ubuJMegE3loveBsOy/UfdM2jyO95h8EJxC');

INSERT INTO `sprint1`.`account` (`username`, `password`)
VALUES ('tannn@gmail.com', '$2a$12$cvoSra.MCHtbaK6QlJ5ubuJMegE3loveBsOy/UfdM2jyO95h8EJxC');
INSERT INTO `sprint1`.`account` (`username`, `password`)
VALUES ('nuonght@gmail.com', '$2a$12$cvoSra.MCHtbaK6QlJ5ubuJMegE3loveBsOy/UfdM2jyO95h8EJxC');
INSERT INTO `sprint1`.`account` (`username`, `password`)
VALUES ('hoangnm@gmail.com', '$2a$12$cvoSra.MCHtbaK6QlJ5ubuJMegE3loveBsOy/UfdM2jyO95h8EJxC');
INSERT INTO `sprint1`.`account` (`username`, `password`)
VALUES ('vubd@gmail.com', '$2a$12$cvoSra.MCHtbaK6QlJ5ubuJMegE3loveBsOy/UfdM2jyO95h8EJxC');
INSERT INTO `sprint1`.`account` (`username`, `password`)
VALUES ('vutn@gmail.com', '$2a$12$cvoSra.MCHtbaK6QlJ5ubuJMegE3loveBsOy/UfdM2jyO95h8EJxC');


INSERT INTO `sprint1`.`account` (`username`, `password`)
VALUES ('thenv@gmail.com', '$2a$12$cvoSra.MCHtbaK6QlJ5ubuJMegE3loveBsOy/UfdM2jyO95h8EJxC');
INSERT INTO `sprint1`.`account` (`username`, `password`)
VALUES ('tainh@gmail.com', '$2a$12$cvoSra.MCHtbaK6QlJ5ubuJMegE3loveBsOy/UfdM2jyO95h8EJxC');
INSERT INTO `sprint1`.`account` (`username`, `password`)
VALUES ('namlqn@gmail.com', '$2a$12$cvoSra.MCHtbaK6QlJ5ubuJMegE3loveBsOy/UfdM2jyO95h8EJxC');
INSERT INTO `sprint1`.`account` (`username`, `password`)
VALUES ('nhanpt@gmail.com', '$2a$12$cvoSra.MCHtbaK6QlJ5ubuJMegE3loveBsOy/UfdM2jyO95h8EJxC');
INSERT INTO `sprint1`.`account` (`username`, `password`)
VALUES ('quynhnd@gmail.com', '$2a$12$cvoSra.MCHtbaK6QlJ5ubuJMegE3loveBsOy/UfdM2jyO95h8EJxC');
INSERT INTO `sprint1`.`account` (`username`, `password`)
VALUES ('quanbao@gmail.com', '$2a$12$cvoSra.MCHtbaK6QlJ5ubuJMegE3loveBsOy/UfdM2jyO95h8EJxC');
INSERT INTO `sprint1`.`account` (`username`, `password`)
VALUES ('kumathong@gmail.com', '$2a$12$cvoSra.MCHtbaK6QlJ5ubuJMegE3loveBsOy/UfdM2jyO95h8EJxC');

INSERT INTO `sprint1`.`account` (`username`, `password`)
VALUES ('dat09@gmail.com', '$2a$12$cvoSra.MCHtbaK6QlJ5ubuJMegE3loveBsOy/UfdM2jyO95h8EJxC');
INSERT INTO `sprint1`.`account` (`username`, `password`)
VALUES ('nghiabao@gmail.com', '$2a$12$cvoSra.MCHtbaK6QlJ5ubuJMegE3loveBsOy/UfdM2jyO95h8EJxC');
INSERT INTO `sprint1`.`account` (`username`, `password`)
VALUES ('taiem@gmail.com', '$2a$12$cvoSra.MCHtbaK6QlJ5ubuJMegE3loveBsOy/UfdM2jyO95h8EJxC');

INSERT INTO `sprint1`.`account` (`username`, `password`)
VALUES ('dinhnc@gmail.com', '$2a$12$cvoSra.MCHtbaK6QlJ5ubuJMegE3loveBsOy/UfdM2jyO95h8EJxC');
INSERT INTO `sprint1`.`account` (`username`, `password`)
VALUES ('huynv@gmail.com', '$2a$12$cvoSra.MCHtbaK6QlJ5ubuJMegE3loveBsOy/UfdM2jyO95h8EJxC');
INSERT INTO `sprint1`.`account` (`username`, `password`)
VALUES ('thanhvt@gmail.com', '$2a$12$cvoSra.MCHtbaK6QlJ5ubuJMegE3loveBsOy/UfdM2jyO95h8EJxC');


INSERT INTO sprint1.account (username, password)
VALUES ('ngoclan@gmail.com', '$2a$12$cvoSra.MCHtbaK6QlJ5ubuJMegE3loveBsOy/UfdM2jyO95h8EJxC'),
       ('huyentrang@gmail.com', '$2a$12$cvoSra.MCHtbaK6QlJ5ubuJMegE3loveBsOy/UfdM2jyO95h8EJxC'),
       ('trungnguyen1@gmail.com', '$2a$12$cvoSra.MCHtbaK6QlJ5ubuJMegE3loveBsOy/UfdM2jyO95h8EJxC'),
       ('thanhthao@gmail.com', '$2a$12$cvoSra.MCHtbaK6QlJ5ubuJMegE3loveBsOy/UfdM2jyO95h8EJxC'),
       ('trangnguyen@gmail.com', '$2a$12$cvoSra.MCHtbaK6QlJ5ubuJMegE3loveBsOy/UfdM2jyO95h8EJxC'),
       ('tungnguyen@gmail.com', '$2a$12$cvoSra.MCHtbaK6QlJ5ubuJMegE3loveBsOy/UfdM2jyO95h8EJxC'),
       ('ngocmai12@gmail.com', '$2a$12$cvoSra.MCHtbaK6QlJ5ubuJMegE3loveBsOy/UfdM2jyO95h8EJxC'),

       ('tuananh@gmail.com', '$2a$12$cvoSra.MCHtbaK6QlJ5ubuJMegE3loveBsOy/UfdM2jyO95h8EJxC'),
       ('trungnghia@gmail.com', '$2a$12$cvoSra.MCHtbaK6QlJ5ubuJMegE3loveBsOy/UfdM2jyO95h8EJxC'),
       ('thithanh@gmail.com', '$2a$12$cvoSra.MCHtbaK6QlJ5ubuJMegE3loveBsOy/UfdM2jyO95h8EJxC'),

       ('hongvan1@gmail.com', '$2a$12$cvoSra.MCHtbaK6QlJ5ubuJMegE3loveBsOy/UfdM2jyO95h8EJxC'),
       ('ducthanh@gmail.com', '$2a$12$cvoSra.MCHtbaK6QlJ5ubuJMegE3loveBsOy/UfdM2jyO95h8EJxC'),
       ('hongnga1@gmail.com', '$2a$12$cvoSra.MCHtbaK6QlJ5ubuJMegE3loveBsOy/UfdM2jyO95h8EJxC'),

       ('quynguyen@gmail.com', '$2a$12$cvoSra.MCHtbaK6QlJ5ubuJMegE3loveBsOy/UfdM2jyO95h8EJxC'),
       ('ngoctuyen@gmail.com', '$2a$12$cvoSra.MCHtbaK6QlJ5ubuJMegE3loveBsOy/UfdM2jyO95h8EJxC'),
       ('dangkhoa@gmail.com', '$2a$12$cvoSra.MCHtbaK6QlJ5ubuJMegE3loveBsOy/UfdM2jyO95h8EJxC'),

       ('hongnga@gmail.com', '$2a$12$cvoSra.MCHtbaK6QlJ5ubuJMegE3loveBsOy/UfdM2jyO95h8EJxC'),
       ('trungnguyen@gmail.com', '$2a$12$cvoSra.MCHtbaK6QlJ5ubuJMegE3loveBsOy/UfdM2jyO95h8EJxC'),
       ('tuananhnguyen@gmail.com', '$2a$12$cvoSra.MCHtbaK6QlJ5ubuJMegE3loveBsOy/UfdM2jyO95h8EJxC'),
       ('lanhuongtran@gmail.com', '$2a$12$cvoSra.MCHtbaK6QlJ5ubuJMegE3loveBsOy/UfdM2jyO95h8EJxC'),
       ('vanpham@gmail.com', '$2a$12$cvoSra.MCHtbaK6QlJ5ubuJMegE3loveBsOy/UfdM2jyO95h8EJxC'),
       ('dangngoc@gmail.com', '$2a$12$cvoSra.MCHtbaK6QlJ5ubuJMegE3loveBsOy/UfdM2jyO95h8EJxC'),
       ('huypham@gmail.com', '$2a$12$cvoSra.MCHtbaK6QlJ5ubuJMegE3loveBsOy/UfdM2jyO95h8EJxC'),
       ('tramnguyen@gmail.com', '$2a$12$cvoSra.MCHtbaK6QlJ5ubuJMegE3loveBsOy/UfdM2jyO95h8EJxC'),
       ('minhvuong@gmail.com', '$2a$12$cvoSra.MCHtbaK6QlJ5ubuJMegE3loveBsOy/UfdM2jyO95h8EJxC'),
       ('tranhong@gmail.com', '$2a$12$cvoSra.MCHtbaK6QlJ5ubuJMegE3loveBsOy/UfdM2jyO95h8EJxC'),
       ('duclinh@gmail.com', '$2a$12$cvoSra.MCHtbaK6QlJ5ubuJMegE3loveBsOy/UfdM2jyO95h8EJxC'),
       ('vannguyen@gmail.com', '$2a$12$cvoSra.MCHtbaK6QlJ5ubuJMegE3loveBsOy/UfdM2jyO95h8EJxC'),
       ('hiennguyen@gmail.com', '$2a$12$cvoSra.MCHtbaK6QlJ5ubuJMegE3loveBsOy/UfdM2jyO95h8EJxC'),
       ('thangnguyen@gmail.com', '$2a$12$cvoSra.MCHtbaK6QlJ5ubuJMegE3loveBsOy/UfdM2jyO95h8EJxC'),
       ('hoailinh@gmail.com', '$2a$12$cvoSra.MCHtbaK6QlJ5ubuJMegE3loveBsOy/UfdM2jyO95h8EJxC'),
       ('quangnguyen@gmail.com', '$2a$12$cvoSra.MCHtbaK6QlJ5ubuJMegE3loveBsOy/UfdM2jyO95h8EJxC'),
       ('thiennguyen@gmail.com', '$2a$12$cvoSra.MCHtbaK6QlJ5ubuJMegE3loveBsOy/UfdM2jyO95h8EJxC'),
       ('hoangthanh@gmail.com', '$2a$12$cvoSra.MCHtbaK6QlJ5ubuJMegE3loveBsOy/UfdM2jyO95h8EJxC'),
       ('hoangnguyen@gmail.com', '$2a$12$cvoSra.MCHtbaK6QlJ5ubuJMegE3loveBsOy/UfdM2jyO95h8EJxC'),
       ('khanhnguyen@gmail.com', '$2a$12$cvoSra.MCHtbaK6QlJ5ubuJMegE3loveBsOy/UfdM2jyO95h8EJxC'),
       ('dangthanh@gmail.com', '$2a$12$cvoSra.MCHtbaK6QlJ5ubuJMegE3loveBsOy/UfdM2jyO95h8EJxC'),
       ('huongnguyen@gmail.com', '$2a$12$cvoSra.MCHtbaK6QlJ5ubuJMegE3loveBsOy/UfdM2jyO95h8EJxC'),
       ('huongtran@gmail.com', '$2a$12$cvoSra.MCHtbaK6QlJ5ubuJMegE3loveBsOy/UfdM2jyO95h8EJxC'),
       ('thuytrangnguyen@gmail.com', '$2a$12$cvoSra.MCHtbaK6QlJ5ubuJMegE3loveBsOy/UfdM2jyO95h8EJxC'),
       ('thanhhoa@gmail.com', '$2a$12$cvoSra.MCHtbaK6QlJ5ubuJMegE3loveBsOy/UfdM2jyO95h8EJxC'),
       ('vanan@gmail.com', '$2a$12$cvoSra.MCHtbaK6QlJ5ubuJMegE3loveBsOy/UfdM2jyO95h8EJxC'),
       ('quangkhai@gmail.com', '$2a$12$cvoSra.MCHtbaK6QlJ5ubuJMegE3loveBsOy/UfdM2jyO95h8EJxC'),
       ('hongnga3@gmail.com', '$2a$12$cvoSra.MCHtbaK6QlJ5ubuJMegE3loveBsOy/UfdM2jyO95h8EJxC'),
       ('ngocmai3@gmail.com', '$2a$12$cvoSra.MCHtbaK6QlJ5ubuJMegE3loveBsOy/UfdM2jyO95h8EJxC');


INSERT INTO `sprint1`.`degree` (`degree_name`)
VALUES ('Cao đẳng');
INSERT INTO `sprint1`.`degree` (`degree_name`)
VALUES ('Đại học');
INSERT INTO `sprint1`.`degree` (`degree_name`)
VALUES ('Thạc sĩ');
INSERT INTO `sprint1`.`degree` (`degree_name`)
VALUES ('Tiến sĩ');

INSERT INTO `sprint1`.`faculty` (`faculty_name`)
VALUES ('CNTT');
INSERT INTO `sprint1`.`faculty` (`faculty_name`)
VALUES ('Xây dựng');
INSERT INTO `sprint1`.`faculty` (`faculty_name`)
VALUES ('Điện tử viễn thông');
INSERT INTO `sprint1`.`faculty` (`faculty_name`)
VALUES ('Tài chính');
INSERT INTO `sprint1`.`faculty` (`faculty_name`)
VALUES ('Kế toán');

INSERT INTO `sprint1`.`stage` (`stage_name`)
VALUES ('Giai đoạn 1');
INSERT INTO `sprint1`.`stage` (`stage_name`)
VALUES ('Giai đoạn 2');
INSERT INTO `sprint1`.`stage` (`stage_name`)
VALUES ('Giai đoạn 3');
INSERT INTO `sprint1`.`stage` (`stage_name`)
VALUES ('Giai đoạn 4');

INSERT INTO `sprint1`.`teacher` (`flag_delete`, `teacher_address`, `teacher_code`, `teacher_date_of_birth`,
                                 `teacher_email`, `teacher_gender`, `teacher_name`, `teacher_phone_number`,
                                 `account_id`, `degree_id`, `faculty_id`, `teacher_img`)
VALUES (0, 'Thăng Bình, Quảng Nam', 'GV-001', '01/01/1980', 'tien@gmail.com', 1, 'Nguyễn Vũ Thành Tiến', '0989876345',
        1, 4, 1,
        'https://toplistcantho.com/wp-content/uploads/2022/06/ngam-nhung-buc-anh-the-lam-can-cuoc-cong-dan-cua-cac-co-cau-hoc-tro-than-thai-dinh-cua-chop-78e-5665478.jpg'),
       (0, 'Tam Kỳ, Quảng Nam', 'GV-002', '01/01/1980', 'cong@gmail.com', 1, 'Nguyễn Thanh Công', '0989876090', 2, 3, 1,
        'https://phunugioi.com/wp-content/uploads/2021/09/Mau-anh-the-dep-nam-sinh.jpg'),
       (0, 'Núi Thành, Quảng Nam', 'GV-003', '01/01/1990', 'trungmini@gmail.com', 1, 'Trần Văn Hữu Trung', '0989878976',
        3, 2, 1, 'https://toplist.vn/images/800px/studio-hong-ngoc-318809.jpg'),
       (0, 'Hải Châu, Đà Nẵng', 'GV-004', '01/01/1991', 'quangnn@gmail.com', 1, 'Nguyễn Ngọc Quang', '0989871234', 4, 3,
        1,
        'https://cdn.alongwalk.info/wp-content/uploads/2022/03/16032013/image-5-tiem-chup-anh-the-lay-ngay-dep-nhat-vi-thanh-hau-giang-164735041321366.jpg'),
       (0, 'Liên Chiểu, Đà Nẵng', 'GV-005', '01/01/1984', 'chanhtv@gmail.com', 1, 'Trần Văn Chánh', '0989878988', 5, 3,
        1, 'https://vntestbank.com/wp-content/uploads/2022/09/10-Tiem-chup-anh-the-lay-ngay-dep-nhat-TP.jpg'),
       (0, 'Sơn Trà, Đà Nẵng', 'GV-006', '01/01/1984', 'tamtran@gmail.com', 0, 'Trần Thị Tố Tâm', '0989878888', 6, 4, 1,
        'https://alltop.vn/backend/media/images/posts/9/Ngoan_Studio-1883.jpg'),
       (0, 'Hòa Vang, Đà Nẵng', 'GV-007', '01/01/1984', 'trungdc@gmail.com', 1, 'Đặng Chí Trung', '0989871656', 7, 3, 1,
        'https://phunugioi.com/wp-content/uploads/2021/09/Mau-anh-the-dep-cho-nam-phong-trang.jpg'),
       (0, 'Hòa Khánh, Đà Nẵng', 'GV-008', '01/01/1984', 'trungdp@gmail.com', 1, 'Đoàn Phước Trung', '0989878899', 8, 4,
        1, 'https://bizweb.dktcdn.net/100/175/849/files/chup-anh-the-dep-cho-hoc-sinh-03.jpg?v=1609569926973');

INSERT INTO `sprint1`.`team` (`member_of_team`, `team_name`, `teacher_id`)
VALUES ('4', 'C0922G1', '2'),
       ('6', 'Black pink', '3'),
       ('5', 'Supper Junior', '4'),
       ('7', 'FB09', '1'),
       ('3', 'C1122G1', '5'),
       ('3', 'Supper Sennior', '7');

INSERT INTO `sprint1`.`clazz` (`clazz_name`, `faculty_id`, `teacher_id`)
VALUES ('A12G11H', 1, 1),
       ('C22H1A3', 1, 2),
       ('HH11KA', 1, 3),
       ('X991G8', 1, 4),
       ('C0011G1', 1, 5),
       ('AH1271H', 1, 6),
       ('C0922H1HH', 1, 7),
       ('B67H23111', 1, 8);

INSERT INTO sprint1.student (flag_delete, flag_leader, student_address, student_code, student_date_of_birth,
                             student_email, student_gender, student_img, student_name, student_phone_number, account_id,
                             clazz_id, team_id)
VALUES (0, 1, 'Thanh Khê, Đà Nẵng', 'SV-0001', '15/03/2002', 'hoangnnh@gmail.com', 1,
        'https://toplist.vn/images/800px/kamiwedding-316252.jpg', ' Nguyễn Hữu Hoàng', '090001004', 9, 1, 1),
       (0, 0, 'Tiên Phước, Quảng Nam', 'SV-0002', '01/01/2004', 'haunn@gmail.com', 1,
        'https://www.inhuydat.com/uploads/hinhthe/IMG_2457_copy.jpg', 'Nguyễn Ngọc Hậu', '09029189267', 10, 1, 1),
       (0, 0, 'Sơn Trà, Đà Nẵng', 'SV-0003', '01/01/1995', 'hungpv@gmail.com', 1,
        'https://alltop.vn/backend/media/images/posts/9/Ngoan_Studio-1884.jpg', 'Phan Văn Hùng', '0901789098', 11, 1,
        1),
       (0, 0, 'Hòa Khánh, Đà Nẵng', 'SV-0004', '11/01/1997', 'vulx@gmail.com', 1,
        'https://file.hstatic.net/1000202498/file/cach-chup-anh-the-dep-cho-nam-2_grande.jpg', 'Lê Xuân Vũ',
        '0909999998', 12, 1, 1),
       (0, 1, 'Hòa Khánh, Đà Nẵng', 'SV-0005', '12/01/1993', 'syvt@gmail.com', 1,
        'https://toplist.vn/images/800px/hieu-anh-hoang-dung-318154.jpg', 'Văn Tiến Sỹ', '0901065111', 13, 2, 2),
       (0, 0, 'Ngũ Hành Sơn, Đà Nẵng', 'SV-0006', '17/01/1993', 'tienp@gmail.com', 1,
        'https://i0.wp.com/thatnhucuocsong.com.vn/wp-content/uploads/2022/03/mau-anh-the-hotboy-hoc-duong.jpg?ssl=1',
        'Phạm Tiến', '0901765998', 14, 2, 2),
       (0, 0, 'Ngũ Hành Sơn, Đà Nẵng', 'SV-0007', '01/08/2004', 'lanp@gmail.com', 0,
        'https://toplist.vn/images/800px/photographer-156784.jpg', 'Trần Thị Ngọc Lan', '0901107656', 15, 2, 2),
       (0, 0, 'Sơn Trà, Đà Nẵng', 'SV-0008', '01/11/1997', 'ducpd@gmail.com', 1,
        'https://smilemedia.vn/wp-content/uploads/2022/09/cach-chup-anh-the-dep-e1664379835782.jpg', 'Phạm Duy Đức',
        '0900007656', 16, 2, 2),
       (0, 0, 'Sơn Trà, Đà Nẵng', 'SV-0009', '27/01/1993', 'tuanndn@gmail.com', 1,
        'https://mir-s3-cdn-cf.behance.net/user/276/53e300561963275.6033e97499828.png', 'Ngô Đình Nhật Tuấn',
        '0901562765', 17, 2, 2),
       (0, 0, 'Sơn Trà, Đà Nẵng', 'SV-0010', '18/01/1998', 'vinh@gmail.com', 1,
        'https://vothisaucamau.edu.vn/wp-content/uploads/2023/01/1674098570_326_99-Mau-Anh-The-Dep-Qua-Xuat-Sac-THAM-KHAO.jpg',
        'Lê Đức Vịnh', '0901554276', 18, 2, 2),
       (0, 1, 'Sơn Trà, Đà Nẵng', 'SV-0011', '18/02/2000', 'tannn@gmail.com', 1,
        'https://toigingiuvedep.vn/wp-content/uploads/2021/07/mau-anh-the-dep-lam-the-can-cuoc.jpg', 'Nguyễn Ngọc Tấn',
        '0907846987', 19, 3, 3),
       (0, 0, 'Hòa Khánh, Đà Nẵng', 'SV-0012', '09/10/2004', 'nuonght@gmail.com', 0,
        'https://bizweb.dktcdn.net/100/175/849/files/chup-anh-the-dep-cho-hoc-sinh-05.jpg?v=1609569927000',
        'Hồ Thị Nương', '0907846751', 20, 3, 3),
       (0, 0, 'Hòa Vang, Đà Nẵng', 'SV-0013', '09/11/1998', 'hoangnm@gmail.com', 1,
        'https://znews-photo.zingcdn.me/w660/Uploaded/wopthuo/2014_04_18/b6c120f128df40519b33abb98a4bf0db_1.jpg',
        'Nguyễn Minh Hoàng', '0907847649', 21, 3, 3),
       (0, 0, 'Thanh Khê, Đà Nẵng', 'SV-0014', '29/10/1990', 'vubd@gmail.com', 1,
        'https://encrypted-tbn0.gstatic.com/images?q=tbn:ANd9GcQ9Qe8UY-mJD_29qGJ5t9yjDmBmvtz1zx_anJy3pLm6_Cjs8kufR5WmODI5QQMwW1InWmk&usqp=CAU',
        'Bùi Đức Vũ', '0905555111', 22, 3, 3),
       (0, 0, 'Ngũ Hành Sơn, Đà Nẵng', 'SV-0015', '29/11/1995', 'vutn@gmail.com', 1,
        'https://toplist.vn/images/800px/tiem-chup-anh-the-lay-ngay-dep-nhat-pleiku-gia-lai-chu-de-da-duoc-nhan-tran-minh-phuong-318152.jpg',
        'Trần Ngọc Vũ', '0901111888', 23, 3, 3),
       (0, 1, 'Ngũ Hành Sơn, Đà Nẵng', 'SV-0016', '09/12/2003', 'thenv@gmail.com', 1,
        'https://1.bp.blogspot.com/-IyLREKeELp8/YEeZYP8Y54I/AAAAAAAAADE/vzy5PCdXF8Yuowv7u5uWozkPuJyZWwIXwCLcBGAsYHQ/s320/BDE74FFF-5B98-4804-BD1A-2A9D91F466BB.jpeg',
        'Nguyễn Văn Thể', '090786661', 24, 4, 4),
       (0, 0, 'Ngũ Hành Sơn, Đà Nẵng', 'SV-0017', '09/10/2000', 'tainh@gmail.com', 1,
        'https://haycafe.vn/wp-content/uploads/2021/12/mau-anh-the-dep-nam-ngoi-sao-kpop-mac-ao-den-467x600.jpg',
        'Nguyễn Hữu Tài', '0900101019', 25, 4, 4),
       (0, 0, 'Sơn Trà, Đà Nẵng', 'SV-0018', '20/11/1993', 'namlqn@gmail.com', 1,
        'https://toplist.vn/images/800px/trung-tam-anh-mau-hoang-tram-319533.jpg', 'Lê Quốc Nhật Nam', '0909998887', 26,
        4, 4),
       (0, 0, 'Sơn Trà, Đà Nẵng', 'SV-0019', '20/03/2003', 'nhanpt@gmail.com', 1,
        'https://toplist.vn/images/800px/phongweddingstudio-748489.jpg', 'Phan Thành Nhân', '0907567367', 27, 4, 4),
       (0, 0, 'Hải Châu, Đà Nẵng', 'SV-0020', '20/05/1993', 'quynhnd@gmail.com', 0,
        'https://tiemanhsky.com/wp-content/uploads/2020/03/61103071_2361422507447925_6222318223514140672_n_1.jpg',
        'Ngô Diệu Quỳnh', '0907567187', 28, 4, 4),
       (0, 0, 'Thanh Khê, Đà Nẵng', 'SV-0021', '20/05/2001', 'quanbao@gmail.com', 1,
        'https://toplist.vn/images/800px/ao-cuoi-gia-linh-674544.jpg', 'Trần Văn Anh Quân', '0907567186', 29, 4, 4),
       (0, 0, 'Hòa Vang, Đà Nẵng', 'SV-0022', '29/07/2001', 'kumathong@gmail.com', 1,
        'https://freenice.net/wp-content/uploads/2021/09/Mau-anh-the-dep-nam-deo-ca-vat.jpg', 'Đinh Minh Thông',
        '0907566765', 30, 4, 4),
       (0, 1, 'Hải Châu, Đà Nẵng', 'SV-0023', '18/06/1993', 'dat09@gmail.com', 1,
        'https://freenice.net/wp-content/uploads/2021/09/Mau-anh-the-dep-nam-mac-vest.jpg', 'Nguyễn Tiến Đạt',
        '0907599908', 31, 5, 5),
       (0, 0, 'Hải Châu, Đà Nẵng', 'SV-0024', '19/10/2003', 'nghiabao@gmail.com', 1,
        'https://toigingiuvedep.vn/wp-content/uploads/2021/07/mau-anh-the-dep-nam.jpg', 'Lê Đức Nghĩa', '0907617864',
        32, 5, 5),
       (0, 0, 'Hải Châu, Đà Nẵng', 'SV-0025', '09/12/2003', 'taiem@gmail.com', 1,
        'https://i.pinimg.com/736x/77/5c/58/775c58c074a53b1453fc5930231dac7b.jpg', 'Trần Bá Tài', '0907611113', 33, 5,
        5),
       (0, 1, 'Hải Châu, Đà Nẵng', 'SV-0026', '10/11/1999', 'dinhnc@gmail.com', 1,
        'https://cdn.alongwalk.info/vn/wp-content/uploads/2022/06/20214615/image-top-5-dia-chi-chup-hinh-the-can-tho-uy-tin-nhat-165571117510914.jpg',
        'Nguyễn Công Định', '0907222113', 34, 6, 6),
       (0, 0, 'Sơn Trà, Đà Nẵng', 'SV-0027', '08/12/1999', 'huynv@gmail.com', 1,
        'https://demoda.vn/wp-content/uploads/2022/03/mau-anh-the-chang-trai-ca-vat-do.jpg', 'Nguyễn Văn Huy',
        '0901109901', 35, 6, 6),
       (0, 0, 'Sơn Trà, Đà Nẵng', 'SV-0028', '30/11/2000', 'thanhvt@gmail.com', 1,
        'https://i.pinimg.com/564x/5e/6c/57/5e6c572eed026b75f81682e02f83a983.jpg', 'Trần Văn Thành', '0907087801', 36,
        6, 6),


-- thêm từ đoạn này, chỉ sửa hình ảnh
       (0, 0, 'Đống Đa, Hà Nội', 'SV-0029', '15/09/2001', 'ngoclan@gmail.com', 0,
        'https://tiemanhsky.com/wp-content/uploads/2020/03/61103071_2361422507447925_6222318223514140672_n_1.jpg',
        'Nguyễn Ngọc Lan', '0868401587', 37, 3, null),
       (0, 0, 'Cầu Giấy, Hà Nội', 'SV-0030', '22/06/2001', 'huyentrang@gmail.com', 0,
        'https://tiemanhsky.com/wp-content/uploads/2020/03/%E1%BA%A3nh-th%E1%BA%BB-683x1024.jpg', 'Nguyễn Huyền Trang',
        '0965544876', 38, 7, null),
       (0, 0, 'Bình Thạnh, Hồ Chí Minh', 'SV-0031', '03/12/2001', 'trungnguyen1@gmail.com', 1,
        'http://list.vn/wp-content/uploads/2021/03/dino-studio-anh-vien-cho-be-va-gia-dinh-317623.jpg',
        'Nguyễn Trung Nguyên', '0867448309', 39, 2, null),
       (0, 0, 'Hoàng Mai, Hà Nội', 'SV-0032', '18/04/2001', 'thanhthao@gmail.com', 0,
        'https://i.vietgiaitri.com/2021/3/28/ngam-nhung-buc-anh-the-lam-can-cuoc-cong-dan-cua-cac-co-cau-hoc-tro-than-thai-dinh-cua-chop-386-5665478.jpg',
        'Đỗ Thanh Thảo', '0888805288', 40, 4, null),
       (0, 0, 'Thanh Xuân, Hà Nội', 'SV-0033', '22/08/2001', 'trangnguyen@gmail.com', 0,
        'https://toplist.vn/images/800px/studio-quoc-khai-318820.jpg', 'Nguyễn Trang', '0964321768', 41, 1, null),
       (0, 0, 'Cầu Giấy, Hà Nội', 'SV-0034', '30/03/2001', 'tungnguyen@gmail.com', 1,
        'https://tse1.mm.bing.net/th?id=OIP.jCE9Y-8fQTnmqbU4zhj6XAHaLG&pid=Api&P=0', 'Nguyễn Tùng Nguyên', '0919536148',
        42, 5, null),
       (0, 0, 'Thủ Đức, Hồ Chí Minh', 'SV-0035', '04/10/2001', 'ngocmai12@gmail.com', 0,
        'https://i.pinimg.com/564x/52/ec/99/52ec994141b41c7aa9f8a760bb430dea.jpg', 'Nguyễn Thị Ngọc Mai', '0912389478',
        43, 2, null),
       (0, 0, 'Cẩm Lệ, Đà Nẵng', 'SV-0036', '09/05/2002', 'tuananh@gmail.com', 1,
        'https://i.pinimg.com/564x/0f/ea/2a/0fea2afd77793468b8f3c7711eb1958f.jpg', 'Phạm Tuấn Anh', '0932259417', 44, 8,
        null),
       (0, 0, 'Tây Hồ, Hà Nội', 'SV-0037', '01/01/2002', 'trungnghia@gmail.com', 1,
        'https://i.pinimg.com/736x/14/8e/31/148e31c2aade947242904f91fa8b8474.jpg', 'Lê Trung Nghĩa', '0976845568', 45,
        5, null),
       (0, 0, 'Hoàn Kiếm, Hà Nội', 'SV-0038', '14/09/2002', 'thithanh@gmail.com', 0,
        'https://i.pinimg.com/564x/df/58/d3/df58d34ff7fd5115cd958c0d8c29d662.jpg', 'Phạm Thị Thanh', '0969867898', 46,
        7, null),
       (0, 0, 'Hải Châu, Đà Nẵng', 'SV-0039', '19/12/2002', 'hongvan1@gmail.com', 0,
        'https://i.pinimg.com/736x/d7/8e/47/d78e47a48cac305ed140869443331c0e.jpg', 'Nguyễn Hồng Vân', '0888192741', 47,
        6, null),
       (0, 0, 'Hải Châu, Đà Nẵng', 'SV-0040', '07/07/2002', 'ducthanh@gmail.com', 1,
        'https://i.pinimg.com/564x/ff/9f/3e/ff9f3efd8a0eb077baef2c17a53efebf.jpg', 'Lê Đức Thành', '0917238811', 48, 3,
        null),
       (0, 0, 'Thủ Đức, Hồ Chí Minh', 'SV-0041', '10/03/2002', 'hongnga1@gmail.com', 0,
        'https://topquangngai.vn/wp-content/uploads/2021/02/chup-anh-the-dep-quang-ngai-7.jpg', 'Nguyễn Hồng Nga',
        '0937579456', 49, 2, null),
       (0, 0, 'Sơn Trà, Đà Nẵng', 'SV-0042', '12/05/2002', 'quynguyen@gmail.com', 1,
        'https://toplist.vn/images/800px/studio-hong-ngoc-318809.jpg', 'Nguyễn Thế Quy', '0906584789', 50, 3, null),
       (0, 0, 'Thành phố Hồ Chí Minh', 'SV-0043', '20/10/2002', 'ngoctuyen@gmail.com', 0,
        'https://1.bp.blogspot.com/-dfF8CauhMRw/YJJSA8Z8rxI/AAAAAAAAIKQ/2risOSH5OzoD7kaKNVL2nKtSwVMirQBIwCLcBGAsYHQ/s1619/182162039_1336527346733011_7130454851024312935_n.jpg',
        'Phạm Ngọc Tuyền', '0937081112', 51, 8, null),


       (0, 0, 'Cầu Giấy, Hà Nội', 'SV-0044', '09/03/2002', 'dangkhoa@gmail.com', 1,
        'https://kenh14cdn.com/thumb_w/660/2020/9/8/mg1107-1599533600159861714537.png', 'Nguyễn Đăng Khoa',
        '0888151543', 52, 6, null),
       (0, 0, 'Hải Châu, Đà Nẵng', 'SV-0045', '05/01/2002', 'hongnga@gmail.com', 0,
        'https://kynguyenlamdep.com/wp-content/uploads/2022/08/anh-hot-boy-sinh-vien-dep.jpg', 'Lê Hồng Nga',
        '0972468367', 53, 1, null),
       (0, 0, 'Hòa Vang, Đà Nẵng', 'SV-0046', '11/12/2002', 'trungnguyen@gmail.com', 1,
        'http://imagesfb.tintuc.vn/upload/images/camau/20180303/4232_12688301_525245200987919_2348999667092233087_n.jpg', 'Nguyễn Trung Nguyên', '0933157996',
        54, 4, null),
       (0, 0, 'Cẩm Lệ, Đà Nẵng', 'SV-0047', '09/08/2002', 'tuananhnguyen@gmail.com', 1,
        'https://we25.vn/media2018/Img_News/2020/09/06/nam-sinh-4_20200906130811.jpg', 'Nguyễn Tuấn Anh', '0915426659',
        55, 3, null),
       (0, 0, 'Hải Châu, Đà Nẵng', 'SV-0048', '12/06/2002', 'lanhuongtran@gmail.com', 0,
        'https://cdn.chuyennguyenhue.com/cnhspl/2020/05/27148d26-2020_0511_09365500-scaled.jpg', 'Trần Lan Hương',
        '0974133558', 56, 7, null),
       (0, 0, 'Liên Chiểu, Đà Nẵng', 'SV-0049', '03/01/2002', 'vanpham@gmail.com', 0,
        'https://2sao.vietnamnetjsc.vn/images/2017/11/25/07/15/hot-boy-1.jpg', 'Phạm Văn', '0934100824', 57, 1, null),
       (0, 0, 'Sơn Trà, Đà Nẵng', 'SV-0050', '02/10/2002', 'dangngoc@gmail.com', 1,
        'https://luv.vn/wp-content/uploads/2021/09/hinh-anh-nu-sinh-dep-nhat-65.jpg', 'Đặng Ngọc', '0913360041', 58, 8,
        null),
       (0, 0, 'Hải Châu, Đà Nẵng', 'SV-0051', '29/03/2002', 'huypham@gmail.com', 1,
        'https://icdn.dantri.com.vn/thumb_w/640/2020/11/06/hot-boy-toa-an-dien-trai-trong-anh-ky-yeu-chia-tay-giang-duongdocx-1604636339271.jpeg',
        'Phạm Huy', '0968542769', 59, 6, null),
       (0, 0, 'Cẩm Lệ, Đà Nẵng', 'SV-0052', '14/12/2002', 'tramnguyen@gmail.com', 0,
        'https://hanoispiritofplace.com/wp-content/uploads/2016/06/hinh-anh-nu-sinh-dep-nhat-1.png', 'Nguyễn Trâm',
        '0935389765', 60, 2, null),
       (0, 0, 'Liên Chiểu, Đà Nẵng', 'SV-0053', '01/07/2002', 'minhvuong@gmail.com', 1,
        'https://icdn.dantri.com.vn/thumb_w/640/2020/11/06/hot-boy-toa-an-dien-trai-trong-anh-ky-yeu-chia-tay-giang-duongdocx-1604636339271.jpeg',
        'Vương Minh', '0979583142', 61, 5, null),
       (0, 0, 'Sơn Trà, Đà Nẵng', 'SV-0054', '09/05/2002', 'tranhong@gmail.com', 0,
        'https://i.vietgiaitri.com/2019/2/12/bo-anh-girl-xinh-cap-ba-nhung-hinh-anh-girl-xinh-dep-nhat-ve-tuo-a9a685.png',
        'Hồng Trân', '0937679352', 62, 3, null),
       (0, 0, 'Hòa Vang, Đà Nẵng', 'SV-0055', '12/08/2002', 'duclinh@gmail.com', 1,
        'https://znews-photo.zingcdn.me/w660/Uploaded/kcwvouvs/2017_09_02/18645597_778607702307748_8753852534247915520_n.jpg',
        'Linh Đức', '0918226556', 63, 7, null),
       (0, 0, 'Hải Châu, Đà Nẵng', 'SV-0056', '20/11/2002', 'vannguyen@gmail.com', 1,
        'https://znews-photo.zingcdn.me/w660/Uploaded/ohunua2/2018_01_06/1.jpg',
        'Nguyễn Vân', '0936669257', 64, 2, null),
       (0, 0, 'Cẩm Lệ, Đà Nẵng', 'SV-0057', '14/06/2002', 'hiennguyen@gmail.com', 0,
        'https://haycafe.vn/wp-content/uploads/2022/03/Anh-gai-xinh-cap-2-3-va-hoa-Phuong.jpg', 'Nguyễn Hiền',
        '0967103824', 65, 4, null),
       (0, 0, 'Sơn Trà, Đà Nẵng', 'SV-0058', '08/03/2002', 'thangnguyen@gmail.com', 1,
        'https://znews-photo.zingcdn.me/w660/Uploaded/kcwvouvs/2017_09_02/18645597_778607702307748_8753852534247915520_n.jpg',
        'Nguyễn Thắng', '0919188289', 66, 8, null),
-- ddoannj này
       (0, 0, 'Liên Chiểu, Đà Nẵng', 'SV-0059', '06/02/2002', 'hoailinh@gmail.com', 0,
        'https://photo-cms-tpo.epicdn.me/w890/Uploaded/2023/pnagub_ubnubv/2020_08_03/z2005990046847_c60c4a1fe517a3dde737e2875ed35d19_ZKIW.jpg', 'Linh Hoài', '0976235428', 67,
        1, null),
       (0, 0, 'Hòa Vang, Đà Nẵng', 'SV-0060', '27/09/2002', 'quangnguyen@gmail.com', 1,
        'https://timbaby.net/wp-content/uploads/2022/11/14-tuoi-anh-trai-dep-viet-nam-1-1.jpg', 'Nguyễn Quang', '0934444135',
        68, 5, null),
       (0, 0, 'Hải Châu, Đà Nẵng', 'SV-0061', '04/02/2002', 'thiennguyen@gmail.com', 1,
        'https://pepsilan.com/wp-content/uploads/2022/04/99-hinh-anh-trai-dep-11-12-13-14-15-16-tuoi-ngau-cute-nhat-13.jpg', 'Nguyễn Thiện', '0931810872',
        69, 2, null),
       (0, 0, 'Sơn Trà, Đà Nẵng', 'SV-0062', '25/05/2002', 'hoangthanh@gmail.com', 0,
        'https://i.vietgiaitri.com/2023/1/25/man-anh-han-xuat-hien-mot-tien-nu-hoc-duong-tot-nghiep-truong-dai-hoc-cho-cac-nu-cuong-nhan-9b0-6829637.webp', 'Hoàng Thanh', '0939972142',
        70, 8, null),
       (0, 0, 'Cẩm Lệ, Đà Nẵng', 'SV-0063', '17/09/2002', 'hoangnguyen@gmail.com', 1,
        'https://genzrelax.com/wp-content/uploads/2022/11/anh-trai-dep-viet-nam-10.jpg', 'Nguyễn Hoàng', '0931175297',
        71, 4, null),
       (0, 0, 'Hải Châu, Đà Nẵng', 'SV-0064', '11/11/2002', 'khanhnguyen@gmail.com', 1,
        'https://blogcaodep.com/wp-content/uploads/2022/07/136155486_239026334405063_7732738218776600081_n-600x800.jpg', 'Nguyễn Khánh', '0932797111',
        72, 3, null),
       (0, 0, 'Liên Chiểu, Đà Nẵng', 'SV-0065', '23/06/2002', 'dangthanh@gmail.com', 1,
        'https://hinhnen4k.com/wp-content/uploads/2023/01/anh-trai-dep-hoc-sinh-5.png', 'Đặng Thanh', '0932107544', 73,
        1, null),
       (0, 0, 'Thanh Khê, Đà Nẵng', 'SV-0066', '20/08/2002', 'huongnguyen@gmail.com', 0,
        'https://image.vtc.vn/files/phamthinh/2017/12/26/12-0800580.jpg', 'Nguyễn Hương', '0934483676',
        74, 6, null),
       (0, 0, 'Sơn Trà, Đà Nẵng', 'SV-0067', '14/01/2002', 'huongtran@gmail.com', 0,
        'https://icdn.dantri.com.vn/thumb_w/640/2018/11/1/tran-hai-nhi-2-15410703054321744621216.jpg', 'Trần Hương', '0937039282', 75,
        6, null),
       (0, 0, 'Cẩm Lệ, Đà Nẵng', 'SV-0068', '22/03/2002', 'thuytrangnguyen@gmail.com', 0,
        'https://afamilycdn.com/2019/3/20/photo-1-1553054725604224617337.jpg', 'Nguyễn Thùy Trang',
        '0937079583', 76, 5, null),
       (0, 0, 'Thanh Khê, Đà Nẵng', 'SV-0069', '05/02/2002', 'thanhhoa@gmail.com', 0,
        'https://image-us.eva.vn/upload/2-2019/images/2019-06-26/17-1561556831-745-width800height1000.jpg', 'Hồ Thanh Hòa', '0937129383',
        77, 6, null),
       (0, 0, 'Hải Châu, Đà Nẵng', 'SV-0070', '29/11/2001', 'vanan@gmail.com', 0,
        'https://image.vtc.vn/files/ctv.giaoduc/2019/02/25/48412008_358013331649549_8829752839820541952_n-1152473.jpg', 'Nguyễn Vân An', '0937125483',
        78, 1, null),
       (0, 0, 'Liên Chiểu, Đà Nẵng', 'SV-0071', '16/04/2002', 'quangkhai@gmail.com', 1,
        'https://img5.thuthuatphanmem.vn/uploads/2021/07/16/anh-soai-ca-viet-nam_085754392.jpg', 'Nguyễn Quang Khải',
        '0937125493', 79, 2, null),
       (0, 0, 'Hải Châu, Đà Nẵng', 'SV-0072', '09/08/2002', 'hongnga3@gmail.com', 0,
        'https://thethaovanhoa.mediacdn.vn/372676912336973824/2023/1/24/3-16745500329711942961833.jpg', 'Nguyễn Hồng Nga',
        '0937125494', 80, 3, null),
       (0, 0, 'Hải Châu, Đà Nẵng', 'SV-0073', '28/03/2002', 'ngocmai3@gmail.com', 0,
        'https://thethaovanhoa.mediacdn.vn/372676912336973824/2023/1/24/3002344191381798655778935796403200229201176n-16745509171672020980495.jpg', 'Trần Ngọc Mai', '0937125495',
        81, 4, null);

INSERT INTO project (project_content, project_description, project_img, project_name, project_status, team_id)
VALUES ('Thiết kế ứng dụng đặt vé xem phim',
        'Web xem phim hay Online nhanh và ổn định là một chủ đề được các tín đồ “nghiện phim” cực kì quan tâm. Thêm vào đó, thời gian gần đây các trang web xem phim',
        'https://colorlib.com/wp/wp-content/uploads/sites/2/Kicker-cinema.jpg', 'Thiết kế ứng dụng đặt vé xem phim',
        null, 1),
       ('Thiết kế ứng dụng quản lý nhà xe',
        'Nơi bạn có thể dễ dàng đăng bán chiếc xe của mình. Hay tìm mua 1 chiếc xe ô tô ưng ý! Bonbanh.com trang web mua bán xe hơi cũ và mới uy tín nhất tại Việt Nam từ năm 2006',
        'https://cdn.dribbble.com/users/1963775/screenshots/16611959/car_rental_website_transition.png?compress=1&resize=400x300',
        'Thiết kế website bán xe oto', null, 2),
       ('Thiết kế trang web bán hàng trực tuyến',
        'Website bán hàng là một cửa hàng trực tuyến giúp khách hàng của bạn dễ dàng xem thông tin, tìm kiếm sản phẩm và thực hiện mua hàng, thanh toán.',
        'https://kienvuong.vn/wp-content/uploads/2021/08/mau-thiet-ke-website-ban-hang-online-dep.jpg',
        'Thiết kế trang web bán hàng trực tuyến', null, 3),
       ('Thiết kế trang web bán đồ chơi trẻ em',
        'Công ty cổ phần Yêu Trẻ chuyên kinh doanh buôn bán sỉ và lẻ các loại đồ chơi, đồ chơi trẻ em, đồ chơi cho bé, đồ chơi trẻ em an toàn như: búp bê, đất nặn',
        'https://s3.amazonaws.com/www.starterstory.com/businesses/website_screenshots/000/237/661/original/open-uri20200922-4-km6xu7?1600813399',
        'Thiết kế trang web bán đồ chơi trẻ em', 1, 4),
       ('Tìm hiểu công nghệ thực tế ảo và Ai',
        'Website VR tương tác giúp đưa không gian ảo lên nền tảng web và truyền tải thông tin, giúp khách hành tương tác với sản phẩm 360 độ.',
        'https://i.ytimg.com/vi/CQt26KNuGdo/maxresdefault.jpg', 'Tìm hiểu công nghệ thực tế ảo và Ai', 1, 5),
       ('Tìm hiểu công nghệ Blockchain',
        'Sâu về kỹ thuật hơn, Blockchain là một database phân tán (phi tập trung) mà trong đó các dữ liệu được lưu trữ dưới dạng các blocks. Body của một block mang theo',
        'https://thumbs.dreamstime.com/z/blockchain-landing-page-isometric-cryptocurrency-mining-cryptography-homepage-bitcoin-crypto-farms-commerce-currency-business-136501528.jpg',
        'Tìm hiểu công nghệ Blockchain', 1, 6);

insert into notification_teacher(notification_teacher_id, notification_teacher_topic, notification_teacher_time,
                                 notification_teacher_content, teacher_id)
values ('1', 'Kho đồ án tốt nghiệp-khóa luận tốt nghiệp-Đồ án môn học.pdf', '2023-03-29 11:37:39',
        'Kho đồ án tốt nghiệp-khóa luận tốt nghiệp-Đồ án môn học.pdf', '1'),
       ('2', 'Tài liệu Giáo án vật lý lớp 8 - Chuyển động cơ học pdf', '2023-03-29 12:37:39',
        'Tài liệu Giáo án vật lý lớp 8 - Chuyển động cơ học pdf', '1'),
       ('3', 'Tài liệu Đơn xin làm đồ án', '2023-03-29 13:37:39', 'Tài liệu Đơn xin làm đồ án', '2'),
       ('4', 'PHIẾU ĐĂNG KÝ ĐỀ TÀI ĐỒ ÁN/ KHÓA LUẬN TỐT NGHIỆP', '2023-03-29 14:37:39',
        'PHIẾU ĐĂNG KÝ ĐỀ TÀI ĐỒ ÁN/ KHÓA LUẬN TỐT NGHIỆP', '2'),
       ('5', 'Đồ án môn học viện xây dựng công trình biển .doc', '2023-03-29 15:37:39',
        'Đồ án môn học viện xây dựng công trình biển .doc', '3'),
       ('6', 'Đồ án môn học xây dựng nền đường', '2023-03-29 16:37:39', 'Đồ án môn học xây dựng nền đường', '4');

































